{"cameraMode":{"drawMode":0,"name":"Shaded","section":"Shading Mode"},"sceneLighting":false,"audioPlay":false,"sceneViewState":{"m_AlwaysRefresh":false,"showFog":true,"showSkybox":false,"showFlares":true,"showImageEffects":true,"showParticleSystems":true,"showVisualEffectGraphs":true,"m_FxEnabled":true},"in2DMode":false,"pivot":{"x":-13.905106544494629,"y":10.821258544921875,"z":20.944332122802736},"rotation":{"x":-0.050902072340250018,"y":-0.9401556253433228,"z":0.30069249868392947,"w":-0.15389026701450349},"size":14.525203704833985,"orthographic":false}