{"cameraMode":{"drawMode":0,"name":"Shaded","section":"Shading Mode"},"sceneLighting":true,"audioPlay":false,"sceneViewState":{"m_AlwaysRefresh":false,"showFog":true,"showSkybox":true,"showFlares":true,"showImageEffects":true,"showParticleSystems":true,"showVisualEffectGraphs":true,"m_FxEnabled":true},"in2DMode":false,"pivot":{"x":6.332117080688477,"y":-4.052443504333496,"z":6.5119428634643559},"rotation":{"x":0.5645361542701721,"y":0.030504213646054269,"z":-0.020816290751099588,"w":0.8246303796768189},"size":21.18524742126465,"orthographic":false}