{"cameraMode":{"drawMode":0,"name":"Shaded","section":"Shading Mode"},"sceneLighting":true,"audioPlay":false,"sceneViewState":{"m_AlwaysRefresh":false,"showFog":true,"showSkybox":true,"showFlares":true,"showImageEffects":true,"showParticleSystems":true,"showVisualEffectGraphs":true,"m_FxEnabled":true},"in2DMode":false,"pivot":{"x":59.6317138671875,"y":1.1941503286361695,"z":83.08023834228516},"rotation":{"x":0.01527914684265852,"y":0.26997116208076479,"z":-0.002240201458334923,"w":0.9631767272949219},"size":17.428625106811525,"orthographic":false}