{"cameraMode":{"drawMode":0,"name":"Shaded","section":"Shading Mode"},"sceneLighting":true,"audioPlay":false,"sceneViewState":{"m_AlwaysRefresh":false,"showFog":true,"showSkybox":true,"showFlares":true,"showImageEffects":true,"showParticleSystems":true,"showVisualEffectGraphs":true,"m_FxEnabled":true},"in2DMode":false,"pivot":{"x":0.15253236889839173,"y":-12.692062377929688,"z":0.3571910858154297},"rotation":{"x":0.6436784863471985,"y":0.007643183693289757,"z":-0.006356087513267994,"w":0.7652748227119446},"size":20.40842056274414,"orthographic":false}