{"cameraMode":{"drawMode":0,"name":"Shaded","section":"Shading Mode"},"sceneLighting":true,"audioPlay":false,"sceneViewState":{"m_AlwaysRefresh":false,"showFog":true,"showSkybox":true,"showFlares":true,"showImageEffects":true,"showParticleSystems":true,"showVisualEffectGraphs":true,"m_FxEnabled":true},"in2DMode":false,"pivot":{"x":-1.4051790237426758,"y":-11.204834938049317,"z":4.998436450958252},"rotation":{"x":0.5486237406730652,"y":-0.015485129319131375,"z":0.010230188257992268,"w":0.8359046578407288},"size":20.40842056274414,"orthographic":false}