{"cameraMode":{"drawMode":0,"name":"Shaded","section":"Shading Mode"},"sceneLighting":true,"audioPlay":false,"sceneViewState":{"m_AlwaysRefresh":false,"showFog":true,"showSkybox":true,"showFlares":true,"showImageEffects":true,"showParticleSystems":true,"showVisualEffectGraphs":true,"m_FxEnabled":true},"in2DMode":false,"pivot":{"x":11.290651321411133,"y":-27.398990631103517,"z":326.282470703125},"rotation":{"x":-0.09177474677562714,"y":0.08091170340776444,"z":-0.009045949205756188,"w":-0.9927411079406738},"size":141.4385528564453,"orthographic":false}