{"cameraMode":{"drawMode":0,"name":"Shaded","section":"Shading Mode"},"sceneLighting":true,"audioPlay":false,"sceneViewState":{"m_AlwaysRefresh":false,"showFog":true,"showSkybox":true,"showFlares":true,"showImageEffects":true,"showParticleSystems":true,"showVisualEffectGraphs":true,"m_FxEnabled":true},"in2DMode":false,"pivot":{"x":9.652422904968262,"y":0.9368394017219544,"z":-29.545307159423829},"rotation":{"x":0.07469024509191513,"y":0.9263769388198853,"z":-0.2367989420890808,"w":0.28461989760398867},"size":0.34987935423851015,"orthographic":false}