{"cameraMode":{"drawMode":0,"name":"Shaded","section":"Shading Mode"},"sceneLighting":false,"audioPlay":false,"sceneViewState":{"m_AlwaysRefresh":false,"showFog":true,"showSkybox":false,"showFlares":true,"showImageEffects":true,"showParticleSystems":true,"showVisualEffectGraphs":true,"m_FxEnabled":true},"in2DMode":false,"pivot":{"x":-2.815999984741211,"y":1.6679999828338624,"z":0.7099999189376831},"rotation":{"x":-0.09218354523181915,"y":-0.29624366760253909,"z":0.028425518423318864,"w":-0.9503078460693359},"size":0.2044219672679901,"orthographic":false}